Rk,Gcar,Gtm,Date,Tm,Opp,Rslt,Inngs,PA,AB,R,H,2B,3B,HR,RBI,BB,IBB,SO,HBP,SH,SF,ROE,GDP,SB,CS,BA,OBP,SLG,OPS,BOP,aLI,WPA,RE24,Pos
1,737,1,1-Apr,TOR,MIN,W13-3,CG,5,4,3,3,0,0,1,1,1,0,0,0,0,0,0,0,0,0,0.75,0.8,1.5,2.3,3,0.34,0.025,1.76,RF
2,738,2,2-Apr,TOR,MIN,W6-1,CG,5,3,1,0,0,0,0,0,2,0,1,0,0,0,0,0,0,0,0.429,0.6,0.857,1.457,3,0.7,0.025,-0.26,RF
3,739,3,3-Apr,TOR,MIN,L3-4,CG,5,4,1,2,0,0,1,1,1,0,1,0,0,0,0,0,0,0,0.455,0.6,1,1.6,3,3.09,0.081,0.81,RF
4,740,7 (3),8-Apr,TOR,LAA,W3-2,CG,4,4,1,1,0,0,0,0,0,0,2,0,0,0,0,0,0,0,0.4,0.526,0.8,1.326,3,0.58,0.004,-0.03,RF
5,741,8,9-Apr,TOR,LAA,L5-6,CG(14),7,4,0,2,0,0,0,0,3,0,0,0,0,0,1,0,0,0,0.421,0.577,0.737,1.314,3,2.15,0.177,1.05,RF
6,742,9,10-Apr,TOR,LAA,L1-3,CG,4,3,0,0,0,0,0,0,1,0,2,0,0,0,0,0,0,0,0.364,0.533,0.636,1.17,3,2.09,-0.242,-1.64,RF
7,743,10,11-Apr,TOR,SEA,L7-8,CG,5,3,1,2,0,0,0,0,2,0,1,0,0,0,0,0,1,0,0.4,0.571,0.64,1.211,3,0.59,0.079,1.35,RF
8,744,11,12-Apr,TOR,SEA,L2-3,CG,4,4,0,1,0,0,0,0,0,0,1,0,0,0,0,0,0,0,0.379,0.538,0.586,1.125,3,1.51,-0.198,-0.54,RF
9,745,12,13-Apr,TOR,SEA,W8-3,CG,5,5,1,1,0,0,1,3,0,0,2,0,0,0,0,0,0,0,0.353,0.5,0.618,1.118,3,1.67,0.321,1.01,RF
10,746,13,15-Apr,TOR,BOS,W7-6,CG,5,3,1,1,0,0,0,1,2,0,1,0,0,0,0,0,1,0,0.351,0.51,0.595,1.105,3,1.42,0.17,1.79,RF
11,747,14,16-Apr,TOR,BOS,L1-4,CG,4,4,0,0,0,0,0,0,0,0,0,0,0,0,0,0,0,0,0.317,0.472,0.537,1.008,3,0.68,-0.07,-0.77,RF
12,748,15,17-Apr,TOR,BOS,L1-8,CG,4,4,0,1,1,0,0,0,0,0,1,0,0,0,0,0,0,0,0.311,0.456,0.533,0.989,3,0.64,-0.035,-0.65,RF
13,749,16,18-Apr,TOR,BOS,L1-9,CG,4,4,0,1,0,0,0,0,0,0,0,0,0,0,0,0,0,0,0.306,0.443,0.51,0.953,3,0.34,-0.013,-0.47,RF
14,750,17,19-Apr,TOR,NYY,W6-5,CG(10),5,3,3,1,0,0,1,1,2,0,1,0,0,0,0,0,0,0,0.308,0.455,0.558,1.012,3,1.3,0.183,1.26,RF
15,751,18,20-Apr,TOR,NYY,L2-6,CG,4,4,0,1,0,0,0,0,0,0,1,0,0,0,0,0,0,0,0.304,0.443,0.536,0.979,3,0.58,-0.041,-0.46,RF
16,752,19,22-Apr,TOR,TBR,W6-4,CG(11),5,3,4,3,1,1,1,1,2,0,0,0,0,0,0,0,0,0,0.339,0.48,0.661,1.141,3,1.38,0.435,2.92,RF
17,753,20,23-Apr,TOR,TBR,L4-6,CG,4,3,3,3,0,0,2,2,1,0,0,0,0,0,0,0,0,0,0.371,0.506,0.774,1.281,3,0.68,0.287,3.02,RF
18,754,21,24-Apr,TOR,TBR,L0-2,CG,4,2,0,0,0,0,0,0,2,0,1,0,0,0,0,0,0,0,0.359,0.506,0.75,1.256,3,1.53,-0.062,-0.45,RF
19,755,22,25-Apr,TOR,TEX,W6-4,CG,4,2,1,1,0,0,1,1,2,0,0,0,0,0,0,0,0,0,0.364,0.517,0.788,1.305,3,0.65,0.127,1.64,RF
20,756,23,26-Apr,TOR,TEX,W10-3,CG,5,3,2,1,1,0,0,0,2,0,1,0,0,0,0,0,0,0,0.362,0.522,0.783,1.304,3,0.52,0.071,0.95,RF
21,757,24,27-Apr,TOR,TEX,L6-7,CG,5,4,0,1,1,0,0,2,1,0,0,0,0,0,0,0,0,0,0.356,0.515,0.767,1.283,3,1.75,0.105,1.8,RF
22,758,25,28-Apr,TOR,TEX,W5-2,CG,5,2,1,1,0,0,0,0,2,0,0,1,0,0,0,0,0,0,0.36,0.529,0.76,1.289,3,1.22,0.148,1.52,RF
23,759,26,29-Apr,TOR,NYY,W5-3,CG,5,3,2,2,0,0,1,2,2,1,0,0,0,0,0,0,1,0,0.372,0.542,0.795,1.337,3,1.11,0.232,2.26,RF
24,760,27,30-Apr,TOR,NYY,L4-5,CG,4,4,0,1,1,0,0,0,0,0,0,0,0,0,0,0,1,0,0.366,0.532,0.78,1.312,3,1.04,0.027,0.48,RF
25,761,28,1-May,TOR,NYY,L2-5,GS-7,4,2,0,0,0,0,0,1,2,0,0,0,0,0,0,0,0,0,0.357,0.53,0.762,1.292,3,0.83,0.041,0.28,RF
26,762,34 (5),8-May,TOR,DET,L2-5,CG,4,4,1,1,0,0,1,2,0,0,1,0,0,0,0,0,0,0,0.352,0.521,0.773,1.294,3,1.16,0.114,1,DH
27,763,35,9-May,TOR,DET,L5-10,CG,5,4,0,2,1,0,0,1,1,0,0,0,0,0,0,0,0,0,0.359,0.524,0.772,1.296,3,0.56,0.173,1.35,RF
28,764,36,10-May,TOR,BOS,W7-6,CG(10),5,4,2,1,0,0,1,1,1,0,1,0,0,0,0,0,0,0,0.354,0.519,0.781,1.301,3,1.26,0.136,0.79,RF
29,765,37,11-May,TOR,BOS,W9-3,CG,5,4,1,1,0,0,0,0,1,0,1,0,0,0,0,0,0,0,0.35,0.515,0.76,1.275,3,0.86,0.018,-0.1,RF
30,766,38,13-May,TOR,MIN,W2-0,CG,5,4,1,3,1,0,1,1,1,0,0,0,0,0,0,0,0,0,0.365,0.525,0.798,1.323,3,1.13,0.219,2.21,RF
31,767,39,14-May,TOR,MIN,W9-3,CG(11),6,5,1,1,0,0,1,2,1,1,0,0,0,0,1,0,0,1,0.358,0.517,0.798,1.315,3,1.63,0.326,1.03,RF
32,768,40,15-May,TOR,MIN,W11-3,CG,5,5,3,3,0,0,3,4,0,0,0,0,0,0,0,0,0,0,0.368,0.52,0.868,1.388,3,0.52,0.041,2.93,RF
33,769,41,16-May,TOR,DET,W4-2,CG,5,5,1,2,0,0,0,0,0,0,0,0,0,0,1,0,0,0,0.37,0.516,0.849,1.365,3,1.31,0.157,0.94,RF
34,770,42,18-May,TOR,TBR,L5-6,CG,4,2,0,1,0,0,0,0,2,1,0,0,0,0,0,0,0,0,0.372,0.522,0.843,1.365,3,0.92,0.04,0.31,RF
35,771,43,19-May,TOR,TBR,W3-2,CG,4,4,0,0,0,0,0,0,0,0,1,0,0,0,0,0,0,0,0.36,0.509,0.816,1.325,3,0.68,-0.073,-0.68,RF
36,772,44,20-May,TOR,HOU,L2-5,CG,4,3,0,0,0,0,0,0,1,0,1,0,0,0,0,0,0,0,0.352,0.503,0.797,1.3,3,0.75,-0.068,-0.67,RF
37,773,45,21-May,TOR,HOU,W7-5,CG,4,4,2,3,0,0,2,4,0,0,0,0,0,0,0,0,1,0,0.364,0.509,0.841,1.35,3,0.78,0.243,3.12,RF
38,774,46,22-May,TOR,HOU,L2-3,CG,5,4,0,0,0,0,0,0,1,1,2,0,0,0,0,1,0,0,0.353,0.5,0.816,1.316,3,2.91,-0.201,-1.45,RF
39,775,47,23-May,TOR,NYY,W7-3,CG,5,3,2,1,0,0,1,1,2,1,0,0,0,0,0,0,0,0,0.353,0.503,0.827,1.33,3,0.55,0.142,1.23,RF
40,776,48,24-May,TOR,NYY,L4-5,CG,4,4,0,0,0,0,0,0,0,0,1,0,0,0,0,0,0,0,0.343,0.492,0.804,1.296,3,1.06,-0.114,-1.53,RF
41,777,49,25-May,TOR,NYY,L3-7,CG,4,3,0,1,0,0,0,0,0,0,0,1,0,0,0,0,0,1,0.342,0.492,0.795,1.287,3,0.71,-0.048,-0.62,RF
42,778,50,26-May,TOR,CHW,L1-3,CG,4,3,0,1,0,0,0,0,1,1,0,0,0,0,0,0,0,0,0.342,0.492,0.785,1.277,3,1.48,-0.044,-0.29,RF
43,779,51,27-May,TOR,CHW,W4-2,CG,4,3,0,1,0,0,0,0,1,1,2,0,0,0,0,0,0,0,0.342,0.492,0.776,1.269,3,0.96,0,0.17,RF
44,780,52,28-May,TOR,CHW,W9-8,CG(14),6,4,3,3,1,0,1,3,2,0,1,0,0,0,0,0,0,0,0.353,0.502,0.801,1.304,3,2.34,0.366,3.29,RF
45,781,53,29-May,TOR,CHW,W13-4,GS-6,4,4,1,1,0,0,0,1,0,0,1,0,0,0,0,0,0,0,0.35,0.498,0.788,1.285,3,0.48,0.052,-0.19,RF
46,782,54,30-May,TOR,CLE,W11-1,GS-8,4,3,1,2,1,0,0,2,1,0,0,0,0,0,0,0,0,0,0.356,0.502,0.791,1.294,3,0.27,0.051,1.78,RF
47,783,55,31-May,TOR,CLE,L3-6,CG,5,5,1,3,0,0,0,0,0,0,1,0,0,0,0,0,0,0,0.363,0.505,0.786,1.29,3,0.69,0.016,0.8,RF
48,784,56,1-Jun,TOR,CLE,L9-13,CG,5,4,0,1,0,0,0,2,1,0,1,0,0,0,0,1,0,0,0.36,0.502,0.773,1.276,3,0.29,0.007,-0.22,RF
49,785,57,3-Jun,TOR,BAL,W8-4,CG,5,3,1,1,0,0,0,0,2,1,0,0,0,0,0,0,0,0,0.36,0.504,0.766,1.27,3,0.42,0.015,0.57,RF
50,786,58,4-Jun,TOR,BAL,L3-5,CG,4,3,0,0,0,0,0,0,1,0,1,0,0,0,0,0,0,0,0.354,0.5,0.753,1.253,3,1.27,-0.035,-0.08,RF
51,787,59,5-Jun,TOR,BAL,W7-4,CG,5,3,1,0,0,0,0,0,2,0,0,0,0,0,0,0,0,0,0.348,0.498,0.74,1.238,3,0.51,0.034,0.01,RF
52,788,60,6-Jun,TOR,KCR,L2-3,CG(11),5,4,0,1,0,0,0,1,1,0,0,0,0,0,0,0,0,0,0.346,0.496,0.73,1.226,3,1.43,0.036,0.28,RF
53,789,61,7-Jun,TOR,KCR,W8-5,CG,4,2,1,1,0,0,0,0,2,0,0,0,0,0,0,0,0,0,0.348,0.5,0.727,1.227,3,0.62,0.041,0.24,RF
54,790,62,8-Jun,TOR,KCR,W9-8,CG,5,4,2,2,0,0,0,0,1,1,1,0,0,0,0,0,0,0,0.351,0.502,0.723,1.225,3,0.86,0.006,-0.45,RF
55,791,63,9-Jun,TOR,KCR,L2-3,CG,4,3,1,0,0,0,0,0,1,0,1,0,0,0,0,0,0,0,0.345,0.498,0.711,1.209,3,1.51,-0.029,-0.4,RF
56,792,64,10-Jun,TOR,BOS,L1-5,CG,4,4,0,1,0,0,0,0,0,0,1,0,0,0,0,0,0,0,0.343,0.494,0.702,1.196,3,1.43,0.042,0.32,RF
57,793,65,11-Jun,TOR,BOS,L4-16,CG,4,3,0,0,0,0,0,0,1,0,1,0,0,0,0,0,0,0,0.338,0.49,0.692,1.182,3,0.44,-0.044,-0.49,RF
58,794,66,12-Jun,TOR,BOS,L1-14,GS-8,3,3,1,1,0,0,1,1,0,0,0,0,0,0,0,0,0,0,0.338,0.489,0.701,1.19,3,0.27,0.077,0.65,RF
59,795,67,14-Jun,TOR,BAL,W6-5,CG(11),6,3,1,1,0,0,0,0,3,1,1,0,0,0,0,0,0,0,0.338,0.493,0.696,1.188,3,1.23,0.068,0.88,RF
60,796,68,15-Jun,TOR,BAL,W4-1,CG,4,3,1,0,0,0,0,0,1,0,1,0,0,0,0,0,0,0,0.333,0.489,0.686,1.175,3,0.72,-0.087,-0.86,RF
61,797,69,16-Jun,TOR,BAL,L3-4,CG,4,4,0,1,0,0,0,2,0,0,1,0,0,0,0,0,0,0,0.332,0.486,0.678,1.163,3,1.39,0.105,0.53,RF
62,798,70,17-Jun,TOR,CIN,W3-2,CG,4,4,1,2,1,0,0,1,0,0,1,0,0,0,0,0,0,1,0.335,0.486,0.679,1.165,3,1.13,0.134,0.49,RF
63,799,71,18-Jun,TOR,CIN,W4-0,CG,4,4,0,2,0,0,0,1,0,0,1,0,0,0,0,0,0,0,0.338,0.486,0.676,1.162,3,0.43,0.017,0.76,RF
64,800,72,19-Jun,TOR,CIN,L1-2,CG,4,4,0,1,0,0,0,0,0,0,1,0,0,0,0,0,0,0,0.336,0.483,0.668,1.151,3,1.3,-0.104,-0.54,RF
65,801,73,20-Jun,TOR,ATL,L0-2,CG,4,4,0,0,0,0,0,0,0,0,2,0,0,0,0,0,0,0,0.33,0.476,0.657,1.133,3,1.71,-0.16,-0.99,RF
66,802,74,21-Jun,TOR,ATL,L1-5,CG,4,4,0,0,0,0,0,0,0,0,0,0,0,0,0,0,0,0,0.325,0.47,0.645,1.115,3,0.78,-0.084,-0.88,RF
67,803,75,22-Jun,TOR,ATL,L1-5,CG,4,3,1,1,0,0,1,1,1,0,1,0,0,0,0,0,0,0,0.325,0.47,0.654,1.124,3,0.77,0.07,0.82,RF
68,804,76,24-Jun,TOR,STL,W5-4,CG,5,4,3,2,1,0,1,1,1,1,0,0,0,0,0,0,0,0,0.328,0.472,0.668,1.14,3,1.46,0.423,1.45,RF
69,805,77,25-Jun,TOR,STL,W6-3,CG,4,3,1,1,0,0,0,0,1,1,0,0,0,0,0,1,0,0,0.328,0.473,0.664,1.137,3,1.06,0.049,0,RF
70,806,78,26-Jun,TOR,STL,W5-0,CG,5,5,0,1,0,0,0,0,0,0,2,0,0,0,0,0,0,0,0.325,0.468,0.655,1.123,3,0.7,-0.092,-0.9,RF
71,807,79,27-Jun,TOR,DET,L2-4,CG,4,4,0,2,1,0,0,1,0,0,1,0,0,0,0,0,0,0,0.328,0.469,0.656,1.125,3,1.14,0.118,0.74,RF
72,808,80,28-Jun,TOR,PIT,L6-7,CG,4,3,1,1,0,0,1,3,1,1,0,0,0,0,1,0,0,0,0.328,0.469,0.664,1.133,3,1.55,0.159,2.14,3B
73,809,81,29-Jun,TOR,PIT,W2-1,CG,4,2,0,1,1,0,0,0,2,1,0,0,0,0,0,0,0,0,0.329,0.473,0.667,1.139,3,1.03,0.084,0.65,3B
74,810,82,30-Jun,TOR,PIT,L2-6,CG,4,3,0,0,0,0,0,0,1,0,1,0,0,0,0,0,0,0,0.326,0.47,0.659,1.129,3,1.08,-0.081,-1.03,3B
75,811,83,1-Jul,TOR,PHI,L6-7,CG,4,3,2,2,1,0,1,2,1,0,0,0,0,0,0,1,0,0,0.33,0.473,0.674,1.147,3,1.25,0.458,2.22,3B
76,812,84,2-Jul,TOR,PHI,L3-5,CG,4,4,1,1,0,0,1,1,0,0,1,0,0,0,0,0,0,0,0.328,0.471,0.679,1.15,3,1.27,0.031,0.29,3B
77,813,85,3-Jul,TOR,PHI,W7-4,CG,4,4,2,2,0,0,1,1,0,0,1,0,0,0,0,0,0,0,0.331,0.471,0.688,1.158,3,1.28,0.265,0.85,3B
78,814,86,4-Jul,TOR,BOS,W9-7,CG,5,5,1,1,0,0,0,0,0,0,0,0,0,0,0,0,0,0,0.329,0.467,0.679,1.146,3,0.41,0,-0.08,3B
79,815,87,5-Jul,TOR,BOS,L2-3,CG,4,4,1,2,0,0,1,2,0,0,1,0,0,0,0,0,0,0,0.331,0.467,0.687,1.154,3,0.83,0.09,1.54,3B
80,816,88,6-Jul,TOR,BOS,L4-6,CG,4,3,0,2,0,0,0,2,0,0,1,0,0,1,0,0,0,0,0.335,0.468,0.687,1.154,3,1.1,0.049,0.45,3B
81,817,89,7-Jul,TOR,CLE,L4-5,CG,5,4,1,1,0,0,1,1,1,0,0,0,0,0,0,0,0,0,0.333,0.467,0.691,1.158,3,0.59,-0.03,0,3B
82,818,90,8-Jul,TOR,CLE,W11-7,CG,5,3,1,0,0,0,0,0,2,0,2,0,0,0,0,1,0,0,0.33,0.466,0.684,1.15,3,0.59,-0.024,-0.18,3B
83,819,91,9-Jul,TOR,CLE,W5-4,CG(10),5,4,2,2,0,0,2,2,1,0,0,0,0,0,0,0,0,0,0.332,0.468,0.702,1.169,3,1.21,0.44,1.85,3B
84,820,92,10-Jul,TOR,CLE,W7-1,GS-6,4,4,1,2,1,0,0,2,0,0,0,0,0,0,0,0,0,0,0.334,0.468,0.702,1.17,3,0.45,0.025,1.87,3B
85,821,93,14-Jul,TOR,NYY,W16-7,GS-5,3,2,1,1,0,0,0,0,1,0,0,0,0,0,0,0,0,0,0.336,0.47,0.701,1.171,3,0.5,0.022,0.25,3B
86,822,97 (3),19-Jul,TOR,SEA,W6-5,CG(14),6,6,0,1,0,0,0,1,0,0,2,0,0,0,1,0,0,0,0.332,0.465,0.691,1.155,3,1.56,0.11,0.4,DH
87,823,98,20-Jul,TOR,SEA,W11-6,CG,5,3,1,1,1,0,0,0,2,1,0,0,0,0,0,0,0,0,0.332,0.467,0.69,1.157,3,0.3,0.007,0.3,DH
88,824,99,21-Jul,TOR,SEA,W7-5,CG,5,3,0,1,1,0,0,2,1,1,0,0,0,1,0,0,0,0,0.332,0.466,0.69,1.156,3,0.93,0.124,0.72,DH
89,825,100,22-Jul,TOR,TEX,L2-12,GS-7,3,2,0,0,0,0,0,0,1,0,0,0,0,0,0,0,0,0,0.33,0.465,0.686,1.151,3,0.73,-0.03,-0.36,3B
90,826,101,23-Jul,TOR,TEX,L4-5,CG,4,3,0,1,0,0,0,1,1,0,2,0,0,0,0,0,0,0,0.33,0.465,0.682,1.148,3,1.1,0.018,0.23,DH
91,827,102,24-Jul,TOR,TEX,W3-0,CG,4,3,1,1,1,0,0,1,1,0,1,0,0,0,0,0,0,0,0.33,0.466,0.682,1.148,3,1.22,0.109,0.3,3B
92,828,103,26-Jul,TOR,BAL,L4-12,GS-3,2,1,0,0,0,0,0,0,0,0,0,1,0,0,0,0,0,0,0.329,0.466,0.68,1.146,3,1.41,-0.028,-0.35,3B
93,829,104,27-Jul,TOR,BAL,W3-0,CG,4,4,0,1,0,0,0,1,0,0,1,0,0,0,0,0,0,0,0.328,0.464,0.675,1.138,3,0.98,0.035,-0.34,3B
94,830,105,28-Jul,TOR,BAL,W8-5,CG,5,4,1,1,0,0,0,0,1,0,0,0,0,0,0,0,0,0,0.327,0.463,0.67,1.133,3,0.53,-0.011,-0.16,3B
95,831,106,29-Jul,TOR,TEX,W3-2,CG,4,4,0,0,0,0,0,0,0,0,1,0,0,0,0,0,0,0,0.323,0.458,0.662,1.12,3,0.72,-0.049,-0.68,3B
96,832,107,30-Jul,TOR,TEX,L0-3,CG,4,4,0,2,0,0,0,0,0,0,1,0,0,0,0,0,0,0,0.325,0.459,0.66,1.119,3,0.5,0.006,-0.02,3B
97,833,108,31-Jul,TOR,TEX,W7-3,CG,4,2,1,0,0,0,0,0,2,0,1,0,0,0,0,0,0,0,0.324,0.459,0.656,1.115,3,0.36,0.031,0.21,3B
98,834,109,2-Aug,TOR,TBR,W3-1,CG,4,3,1,1,0,0,1,1,1,1,1,0,0,0,0,0,0,0,0.324,0.46,0.662,1.121,3,0.65,0.104,0.69,3B
99,835,110,3-Aug,TOR,TBR,L1-9,GS-7,3,2,0,0,0,0,0,0,1,0,0,0,0,0,0,0,0,0,0.322,0.459,0.658,1.117,3,0.25,-0.017,-0.07,3B
100,836,111,4-Aug,TOR,TBR,L6-7,CG(12),6,4,1,1,0,0,1,1,2,1,1,0,0,0,0,0,0,0,0.321,0.459,0.662,1.121,3,1.16,0.213,1,3B
101,837,112,5-Aug,TOR,BAL,W5-4,CG,5,5,1,1,0,0,0,0,0,0,1,0,0,0,0,0,0,0,0.319,0.456,0.655,1.112,3,0.7,-0.024,-0.36,RF
102,838,113,6-Aug,TOR,BAL,L2-6,CG,4,3,0,0,0,0,0,1,0,0,2,0,0,1,0,0,0,0,0.317,0.452,0.65,1.102,3,0.96,-0.017,-0.58,RF
103,839,114,7-Aug,TOR,BAL,W7-2,CG,5,5,0,1,1,0,0,2,0,0,2,0,0,0,0,0,0,0,0.315,0.45,0.646,1.096,3,0.74,0.154,0.85,RF
104,840,115,9-Aug,TOR,OAK,L1-4,CG,4,4,0,0,0,0,0,0,0,0,1,0,0,0,0,1,0,0,0.311,0.446,0.639,1.085,3,1.45,-0.169,-1.34,RF
105,841,116,10-Aug,TOR,OAK,W8-4,CG,5,3,1,1,0,0,0,0,2,0,0,0,0,0,0,0,0,0,0.312,0.447,0.637,1.084,3,0.55,0.009,1.09,RF
106,842,117,11-Aug,TOR,OAK,L3-10,GS-9,4,3,1,0,0,0,0,0,1,0,2,0,0,0,0,0,0,0,0.309,0.446,0.632,1.077,3,0.31,0.001,-0.33,RF
107,843,118,12-Aug,TOR,LAA,L1-5,CG,4,3,0,0,0,0,0,0,1,0,1,0,0,0,0,2,0,0,0.307,0.444,0.627,1.071,3,0.66,-0.088,-0.99,RF
108,844,120 (1),14-Aug,TOR,LAA,W5-4,CG(10),5,4,1,3,0,0,1,1,1,0,1,0,0,0,0,0,0,0,0.311,0.448,0.636,1.084,3,1.47,0.254,1.62,RF
109,845,121,15-Aug,TOR,SEA,L5-6,CG,5,4,1,1,0,0,0,0,1,0,1,0,0,0,0,0,0,0,0.311,0.447,0.632,1.079,3,1.13,-0.058,-0.15,RF
110,846,122,16-Aug,TOR,SEA,W13-7,GS-9,5,2,3,2,0,0,1,2,3,0,0,0,0,0,0,0,0,0,0.314,0.453,0.642,1.094,3,0.96,0.233,3.26,RF
111,847,123,17-Aug,TOR,SEA,W5-1,CG,4,3,1,1,0,0,0,0,1,0,2,0,0,0,0,0,0,0,0.314,0.453,0.639,1.092,3,0.52,0.014,-0.31,RF
112,848,124,18-Aug,TOR,OAK,W7-0,CG,5,4,1,1,1,0,0,0,1,0,0,0,0,0,1,0,0,0,0.314,0.453,0.638,1.09,3,0.35,0.065,1,RF
113,849,125,19-Aug,TOR,OAK,L0-2,CG,4,1,0,1,0,0,0,0,3,0,0,0,0,0,0,0,1,0,0.316,0.457,0.639,1.096,3,1.19,0.187,1.65,RF
114,850,127 (1),21-Aug,TOR,OAK,W1-0,CG,4,3,1,2,0,1,1,1,1,0,0,0,0,0,0,0,0,0,0.318,0.459,0.652,1.111,3,0.76,0.213,1.22,RF
115,851,128,23-Aug,TOR,KCR,L4-6,CG,4,4,0,0,0,0,0,0,0,0,3,0,0,0,0,0,0,0,0.315,0.456,0.645,1.101,3,0.76,-0.078,-0.78,RF
116,852,129,24-Aug,TOR,KCR,W4-3,CG,4,4,1,1,0,0,1,2,0,0,1,0,0,0,0,0,0,0,0.314,0.454,0.649,1.103,3,1,0.144,1.02,RF
117,853,130,25-Aug,TOR,KCR,L6-9,CG,5,3,1,2,1,0,0,0,2,1,1,0,0,0,0,0,0,0,0.317,0.458,0.651,1.109,3,0.65,0.045,0.79,RF
118,854,131,26-Aug,TOR,TBR,L1-6,GS-7,3,3,0,0,0,0,0,0,0,0,3,0,0,0,0,0,0,0,0.315,0.455,0.646,1.101,3,1.53,-0.11,-1.03,RF
119,855,132,27-Aug,TOR,TBR,L5-6,CG,4,3,0,1,1,0,0,1,1,0,0,0,0,0,0,0,0,0,0.315,0.455,0.646,1.102,3,0.97,0.062,0.93,RF
120,856,133,28-Aug,TOR,TBR,L0-12,CG,4,4,0,0,0,0,0,0,0,0,3,0,0,0,0,0,0,0,0.312,0.452,0.64,1.092,3,0.74,-0.077,-1.4,RF
121,857,134,29-Aug,TOR,TBR,W7-3,CG,5,3,1,1,0,0,1,2,1,0,0,1,0,0,0,0,0,0,0.312,0.453,0.645,1.098,3,0.87,0.067,1.22,RF
122,858,135,30-Aug,TOR,BAL,L5-6,CG(10),5,4,0,1,0,0,0,0,1,1,0,0,0,0,1,0,0,0,0.311,0.453,0.642,1.094,3,1.99,0.01,0.43,RF
123,859,136,31-Aug,TOR,BAL,W13-0,GS-8,4,4,1,1,0,0,1,3,0,0,0,0,0,0,0,0,0,0,0.311,0.451,0.645,1.096,3,0.5,-0.035,1.08,RF
124,860,137,1-Sep,TOR,BAL,W8-6,CG,5,5,0,1,0,0,0,1,0,0,2,0,0,0,0,0,0,0,0.309,0.449,0.64,1.089,3,0.97,-0.022,-0.45,RF
125,861,138,2-Sep,TOR,NYY,L2-3,CG,4,3,0,1,0,0,0,1,1,1,1,0,0,0,0,0,0,0,0.31,0.449,0.638,1.087,3,1.85,-0.004,0.62,RF
126,862,139,3-Sep,TOR,NYY,L4-6,CG,4,4,0,1,0,0,0,1,0,0,1,0,0,0,0,0,0,0,0.309,0.448,0.634,1.082,3,0.97,-0.019,-0.06,RF
127,863,140,4-Sep,TOR,NYY,L3-9,CG,4,4,1,1,0,0,1,1,0,0,1,0,0,0,0,0,0,0,0.309,0.446,0.637,1.084,3,0.67,-0.001,0.47,RF
128,864,141,5-Sep,TOR,BOS,W1-0,CG(11),5,4,0,0,0,0,0,0,1,0,2,0,0,0,0,0,0,0,0.306,0.444,0.632,1.076,3,2.19,-0.115,-0.87,RF
129,865,142,6-Sep,TOR,BOS,L0-14,GS-6,3,3,0,0,0,0,0,0,0,0,1,0,0,0,1,0,0,0,0.304,0.442,0.627,1.069,3,0.38,-0.027,-0.28,RF
130,866,143,7-Sep,TOR,BOS,W11-10,CG,5,2,2,1,1,0,0,2,2,0,0,1,0,0,0,0,2,1,0.305,0.445,0.629,1.074,3,2.01,0.435,2.6,DH
131,867,144,8-Sep,TOR,BOS,W7-4,CG,4,3,0,0,0,0,0,0,1,0,0,0,0,0,0,0,0,1,0.303,0.444,0.625,1.069,3,0.41,-0.041,-0.79,RF
132,868,145,9-Sep,TOR,BAL,L0-2,CG,4,3,0,1,0,0,0,0,1,0,2,0,0,0,0,0,0,0,0.303,0.444,0.623,1.067,3,1.5,0.058,0.23,RF
133,869,146,10-Sep,TOR,BAL,W5-4,CG,4,4,1,2,0,0,1,2,0,0,0,0,0,0,0,0,0,0,0.305,0.444,0.629,1.073,3,1.1,0.158,1.88,RF
134,870,147,11-Sep,TOR,BAL,W6-5,CG,4,3,0,1,0,0,0,2,0,0,0,0,0,1,0,0,0,0,0.305,0.443,0.627,1.07,3,2.08,0.027,-0.01,RF
135,871,148,13-Sep,TOR,BOS,L6-18,CG,5,4,1,1,0,0,1,2,1,0,2,0,0,0,0,0,0,0,0.304,0.443,0.63,1.073,3,1.07,0.194,1.09,RF
136,872,149,14-Sep,TOR,BOS,W5-4,CG,5,3,1,1,0,0,0,0,2,0,1,0,0,0,0,0,0,0,0.304,0.444,0.628,1.072,3,0.82,0.051,0.37,RF
137,873,150,16-Sep,TOR,NYY,W5-4,CG,5,1,1,1,0,0,0,0,4,1,0,0,0,0,0,0,0,0,0.306,0.449,0.629,1.077,3,2.05,0.18,1.88,RF
138,874,151,17-Sep,TOR,NYY,L6-7,CG,4,3,0,0,0,0,0,0,1,0,1,0,0,0,0,0,0,0,0.304,0.447,0.625,1.072,3,0.84,-0.078,-0.21,RF
139,875,152,18-Sep,TOR,NYY,W3-0,CG,4,3,0,1,0,0,0,0,1,1,0,0,0,0,0,0,0,0,0.304,0.448,0.623,1.071,3,0.5,-0.024,0.03,RF
140,876,153,19-Sep,TOR,LAA,W3-2,CG(10),5,4,0,1,0,0,0,0,1,0,1,0,0,0,0,0,0,0,0.304,0.447,0.62,1.067,3,1.78,-0.016,-0.2,RF
141,877,154,20-Sep,TOR,LAA,L6-10,CG,5,4,1,0,0,0,0,0,1,0,1,0,0,0,0,0,0,0,0.301,0.445,0.615,1.06,3,0.77,-0.056,-0.68,RF
142,878,155,21-Sep,TOR,LAA,L2-7,GS-9,4,4,0,1,0,0,0,0,0,0,0,0,0,0,0,0,0,0,0.301,0.444,0.612,1.056,3,0.6,-0.056,-0.13,RF
143,879,156,22-Sep,TOR,LAA,W4-3,CG(12),6,4,1,3,1,0,0,1,2,0,0,0,0,0,0,0,0,0,0.304,0.448,0.615,1.063,3,1.72,0.349,2.17,DH RF
144,880,157,23-Sep,TOR,TBR,W5-1,CG,4,3,0,0,0,0,0,0,1,1,1,0,0,0,0,0,0,0,0.303,0.447,0.611,1.058,3,0.5,-0.014,-0.43,RF
145,881,158,24-Sep,TOR,TBR,L2-6,CG,4,3,1,2,0,0,1,2,0,0,0,1,0,0,0,0,0,0,0.305,0.448,0.618,1.066,3,0.99,0.187,1.97,RF
146,882,159,25-Sep,TOR,TBR,L2-5,GS-6,2,2,0,0,0,0,0,0,0,0,1,0,0,0,0,0,0,0,0.304,0.447,0.615,1.062,3,0.98,-0.052,-0.44,RF
147,883,160,26-Sep,TOR,CHW,L3-4,GS-9,5,2,0,0,0,0,0,0,3,0,1,0,0,0,0,0,1,0,0.302,0.448,0.613,1.061,3,1.66,0.112,0.68,DH
148,884,161,27-Sep,TOR,CHW,L1-2,CG,4,4,0,2,0,0,0,0,0,0,1,0,0,0,0,0,0,0,0.304,0.449,0.612,1.06,3,1.6,-0.069,-0.35,RF
149,885,162,28-Sep,TOR,CHW,W3-2,CG,4,3,0,0,0,0,0,0,1,0,2,0,0,0,0,0,0,0,0.302,0.447,0.608,1.056,3,1.22,-0.067,-0.22,DH
