Bureau of Justice Statistics,,,,,,,,,
Filename: fv9311t13.csv,,,,,,,,,
"Table 13. Possession of firearms by state and federal prison inmates at time of offense, by specific type of firearm, 1997 and 2004",,,,,,,,,
"Report title: Firearm Violence, 1993-2011",,,,,,,,,
"Data source: Survey of Inmates in State and Federal Correctional Facilities, 1997 and 2004",,,,,,,,,
Authors: Michael Planty and Jennifer Truman,,,,,,,,,
Refer questions to: askbjs@usdoj.gov 202-307-0765,,,,,,,,,
Date of version: 05/07/13,,,,,,,,,
,,,,,,,,,
"Table 13. Possession of firearms by state and federal prison inmates at time of offense, by specific type of firearm, 1997 and 2004",,,,,,,,,
,,,,,,,,,
,1997,,,,,2004,,,
Specific type of firearm,State,,Federal,,,State,,Federal,
Single shot,9.9,%,7.6,%,,7.5,%,8.2,%
Conventional semiautomatic,7.8,,8.3,,,6.6,,7.9,
Military-style semiautomatic or fully automatic,1.5,,1.7,,,2,,3.2,
Other,0.1,,0.2,,,0.1,,0.1,
"Note: Includes only inmates with a current conviction. Estimates may differ from previously published BJS reports. To account for differences in the 1997 and 2004 inmate survey questionnaires, the analytical methodology used in 1997 was revised to ensure comparability with the 2004 survey.",,,,,,,,,
"Source: Bureau of Justice Statistics, Survey of Inmates in State and Federal Correctional Facilities, 1997 and 2004.",,,,,,,,,
